"clip_id","attempt_id","start_s","end_s","completed","depth","alignment","assessability","notes"
"pilot_full_reps","1","0.50","2.75","true","uncertain","uncertain","assessable","Approximate manual times; reported valid; separate component review pending."
"pilot_full_reps","2","3.00","5.25","true","uncertain","uncertain","assessable","Approximate manual times; reported valid; separate component review pending."
"pilot_full_reps","3","5.75","7.50","true","uncertain","uncertain","assessable","Approximate manual times; reported valid; separate component review pending."
"pilot_full_reps","4","8.00","9.75","true","uncertain","uncertain","assessable","Approximate manual times; reported valid; separate component review pending."
"pilot_full_reps","5","10.00","12.00","true","uncertain","uncertain","assessable","Approximate manual times; reported valid; separate component review pending."
"pilot_shallow_reps","1","1.25","3.00","true","insufficient","uncertain","assessable","Approximate manual times; reported insufficient depth; alignment review pending."
"pilot_shallow_reps","2","3.75","5.75","true","insufficient","uncertain","assessable","Approximate manual times; reported insufficient depth; alignment review pending."
"pilot_shallow_reps","3","6.50","8.75","true","insufficient","uncertain","assessable","Approximate manual times; reported insufficient depth; alignment review pending."
"pilot_visibility","1","3.00","4.75","true","uncertain","uncertain","assessable","Approximate recorder-supplied times; reported valid; not reported obscured; separate depth and alignment review pending."
"pilot_visibility","2","5.00","7.00","true","uncertain","uncertain","uncertain","Approximate recorder-supplied times; reported valid; obscured during attempt; exact occlusion times and separate depth and alignment review pending."
"pilot_visibility","3","7.50","9.25","true","uncertain","uncertain","assessable","Approximate recorder-supplied times; reported valid; not reported obscured; separate depth and alignment review pending."
"pilot_visibility","4","10.25","12.00","true","uncertain","uncertain","uncertain","Approximate recorder-supplied times; reported valid; obscured during attempt; exact occlusion times and separate depth and alignment review pending."
